time;ax;ay;az;I;Gain;Latitude;Longitude;Speed
0,453024;-0,085;0,1014;0,0527;28532,5918;61,1873;50,26523786;10,9535381;0,0
0,520955;-0,1561;0,0958;0,0471;28532,5918;61,1873;50,26523783;10,95353808;0,0
2,527947;-0,2274;0,1521;-3,0449;15624,5947;69,8612;50,26524663;10,95354338;0,81
3,526637;0,2856;-1,9701;2,9515;18810,5078;67,3059;50,2652642;10,95354302;1,44000006
4,527579;0,4976;0,4255;2,9363;18811,5977;69,6409;50,26527654;10,95354926;1,26999998
5,537478;0,4693;0,7004;4,6435;17774,7422;72,396;50,26528876;10,95355164;1,26999998
6,554667;0,2796;0,4644;-3,7388;16258,502;72,8396;50,26530252;10,95354581;1,35000002
7,54062;-0,0849;-0,1455;-2,7064;16395,0;74,8757;50,26531735;10,95353845;1,5
8,555033;-0,6617;-0,4327;0,1039;18898,4121;74,9802;50,26533115;10,95352937;1,5
9,542322;-0,2046;-0,9644;1,3303;18538,0527;71,0833;50,26534354;10,95351925;1,41999996
10,53542;-0,0242;2,1253;3,4533;17110,2617;68,9665;50,26535703;10,95351265;1,58000004
11,544488;0,259;1,3296;1,6787;16890,7695;68,271;50,26537144;10,9535046;1,64999998
12,53434;-1,3886;0,0659;-3,7559;17999,6973;72,2656;50,26538582;10,95349483;1,52999997
13,555573;0,5809;-0,9724;-2,3939;17923,8008;72,7898;50,26540131;10,95348223;1,54999995
14,529721;0,6916;-1,3351;2,2008;16428,3066;72,5459;50,26541498;10,95347045;1,5
15,550277;-0,0131;-0,764;2,8768;17858,2812;68,7481;50,26542712;10,95346668;1,40999997
16,533099;-0,8448;0,2411;-0,7603;19140,8359;69,4613;50,26543885;10,95346208;1,39999998
17,547794;0,2965;-0,6044;-2,5368;19519,7617;70,9644;50,26544913;10,95345479;1,40999997
18,541422;-1,4714;-0,8139;-1,7769;20926,8047;71,6612;50,26546043;10,95344837;1,40999997
19,554711;0,0672;1,1914;3,9579;18081,0488;68,2327;50,26546939;10,95343922;1,41999996
20,540968;-0,2651;1,6856;0,5937;18422,3008;71,6093;50,26547893;10,95342589;1,38999999
21,551861;-0,7957;0,5068;-3,6706;19603,8457;68,984;50,26548852;10,95341264;1,36000001
22,547986;1,4946;-0,2541;-2,2916;20661,9941;69,4472;50,26549932;10,95339993;1,40999997
23,553418;1,3585;-0,8785;3,454;22635,2402;69,9986;50,26550884;10,95338646;1,38
24,545765;-0,7848;0,216;0,759;22485,0898;70,8635;50,26551834;10,95337184;1,39999998
25,530701;-0,8609;-0,169;-3,4684;21601,6621;69,6043;50,26552475;10,95335749;1,35000002
26,540597;-0,9053;-2,0323;1,501;21085,6914;68,4355;50,26553112;10,95334189;1,34000003
27,542713;0,3713;1,4617;4,8677;21468,4375;72,4027;50,26553672;10,95332712;1,29999995
28,548589;-0,954;1,6782;1,2145;24789,7598;67,4165;50,26554199;10,95331185;1,34000003
29,529564;-0,9788;-0,0066;-5,1832;26756,998;71,0041;50,26554626;10,95329504;1,33000004
46,718643;0,1219;-2,4763;5,6971;24699,123;-365,0045;50,26556658;10,95295964;0,97000003
47,386321;-0,5885;-0,6825;0,9924;4843,2676;-380,9221;50,26556992;10,95293834;1,45000005
48,409766;0,7865;0,2999;4,1958;5280,0674;-412,7573;50,26557614;10,95291848;1,17999995
49,455331;0,5547;0,1864;3,5928;5808,5962;-436,6337;50,26558188;10,95289943;1,25
50,402634;-0,5798;0,5708;0,0533;6305,4561;-468,4688;50,26558652;10,95287653;1,42999995
51,394963;-0,4885;0,7859;-1,503;6318,5601;-492,3452;50,26558979;10,95284463;1,61000001
52,417745;0,1812;0,9095;-3,6284;6306,5488;-516,2217;50,26559093;10,95281247;1,55999994
53,395491;0,0814;-0,7694;-1,7057;6180,4224;-540,0981;50,26559173;10,95278117;1,57000005
54,413004;0,3323;-1,1021;2,0909;6132,375;-571,9333;50,26558801;10,95275443;1,51999998
55,459175;1,5866;-0,399;2,3228;5758,9097;-595,8096;50,26558174;10,95272939;1,47000003
56,409458;-0,4579;0,1878;1,3044;5478,811;-627,6448;50,26557381;10,95270231;1,38
57,463685;-0,469;0,4328;-2,9024;6131,2822;-651,5212;50,26556583;10,95267725;1,49000001
58,410268;0,0982;-0,135;-2,3056;9755,6338;-675,3976;50,2655515;10,95265424;1,42999995
59,398564;-1,6992;-1,6829;2,3054;26004,0645;-699,274;50,26553902;10,95263544;1,40999997
60,454286;-0,4319;-0,7494;3,3345;26736,7969;-731,1093;50,26552531;10,95261901;1,38999999
61,463033;-0,2985;1,6996;2,0346;29088,9668;-754,9857;50,26551256;10,95260339;1,38999999
62,39235;-0,2279;0,5551;-1,527;32362,7871;-778,8621;50,2655021;10,9525861;1,39999998
63,407209;-0,1865;0,9504;-3,5648;33606,5781;-810,6973;50,26548915;10,9525701;1,41999996
64,451653;0,7199;-0,1388;-2,0047;33965,8477;-834,5737;50,26547744;10,95255386;1,39999998
65,410976;1,7256;-1,0703;2,871;21115,7207;-858,4501;50,26546762;10,95253868;1,38999999
66,400763;1,5898;-0,6681;3,4914;18523,8574;-890,2853;50,26545954;10,95252288;1,38999999
67,419434;0,3437;-0,9959;3,1391;12696,9395;-914,1617;50,26545305;10,95250753;1,37
68,397637;-0,4401;-0,4493;-2,7004;11952,1943;-938,0381;50,26544462;10,95249154;1,41999996
69,417849;-0,1504;-0,2893;-3,0377;13047,4727;-969,8733;50,26543569;10,95247512;1,44000006
70,404219;0,2798;-0,2072;-1,841;14987,4121;-993,7497;50,26542686;10,95246159;1,41999996
71,416736;-1,9295;-0,8403;0,8121;15972,9424;-1017,6261;50,26541666;10,95244848;1,39999998
72,405388;0,4319;1,3064;4,7591;15951,6484;-1049,4613;50,26540896;10,9524333;1,40999997
73,415198;-0,3198;0,9433;-0,1007;15535,5957;-1073,3376;50,26540172;10,95241746;1,39999998
74,406131;-0,4839;1,3401;-3,7148;22536,4141;-1097,2141;50,2653966;10,9523999;1,40999997
75,454098;0,9267;0,0544;-3,4141;22482,3594;-1129,0493;50,26539224;10,95237889;1,40999997
76,39916;2,3634;-1,5716;0,0091;18991,7793;-1152,9257;50,26538752;10,95235872;1,39999998
96,315013;-0,1991;1,0678;5,057;35151,7578;-1590,6597;50,26538198;10,95234103;1,40999997
98,591515;-0,9012;-1,1905;0,4462;38503,6562;-1654,3301;50,26524814;10,95162605;1,45000005
100,588518;0,3055;1,3302;2,5746;36710,5898;-1710,0416;50,26525271;10,95165169;1,44000006
101,608995;-0,242;0,7491;-0,9625;37264,7812;-1733,9181;50,2652415;10,95163695;1,45000005
102,608237;-0,7522;0,0468;-4,0115;37626,2344;-1765,7533;50,26523446;10,95161551;1,41999996
103,616;0,2142;-1,1283;-1,3527;40028,0898;-1789,6296;50,26522989;10,95159709;1,46000004
104,606108;0,7239;-2,1532;3,2632;37217,8281;-1813,5061;50,26522546;10,95157325;1,52999997
105,620855;1,7205;-1,4352;3,4082;38775,5664;-1845,3413;50,26522211;10,95155156;1,48000002
106,602405;-0,12;-0,4787;1,7843;34650,5312;-1869,2177;50,26521875;10,95152918;1,41999996
107,622844;-0,1927;0,8313;-3,0224;21464,6152;-1893,0941;50,26521651;10,95150625;1,48000002
108,619763;0,0473;-0,1913;-2,39;19409,4688;-1916,9705;50,26521213;10,95148286;1,52999997
109,63288;-0,7158;-0,7619;-0,9647;18901,1426;-1948,8057;50,26521021;10,95145719;1,54999995
110,614008;0,632;-0,8935;3,7592;18100,7051;-1972,6821;50,26520626;10,95143461;1,50999999
111,645319;-0,8945;1,2571;2,151;17291,5332;-1996,5585;50,26519815;10,9514153;1,48000002
112,683598;-0,8182;0,7757;0,6218;17809,6875;-2028,3937;50,26519106;10,95139522;1,5
113,560843;0,4957;-0,3323;-0,9946;18280,3398;-2052,27;50,26518491;10,95137438;1,52999997
114,619725;0,1796;-0,23;-1,8228;17980,5859;-2084,1052;50,26517946;10,95135387;1,57000005
115,62616;1,2153;-0,6707;-0,7592;17388,7227;-2107,9817;50,26517402;10,95133401;1,50999999
116,617762;1,2598;-1,3336;4,0245;17412,7441;-2131,8582;50,26516934;10,95131345;1,53999996
117,607117;0,6057;-0,5832;3,2765;17485,9102;-2163,6934;50,26516813;10,95129353;1,58000004
118,556464;0,3342;-0,0422;-2,7597;17958,1992;-2187,5696;50,2651657;10,95127492;1,49000001
119,600146;-0,1204;-0,2374;-1,7969;18514,5742;-2211,446;50,26516089;10,95125673;1,59000003
120,626049;0,3322;-0,2597;-1,1781;17873,0234;-2243,2812;50,26515649;10,95123598;1,60000002
121,535745;-0,443;1,436;2,1004;17278,4277;-2267,1577;50,2651515;10,95121669;1,50999999
122,621923;-0,2562;0,4291;3,1179;16259,0469;-2291,0342;50,26514591;10,95119693;1,46000004
123,623533;-0,6752;1,1806;2,3425;15407,2861;-2322,8694;50,265141;10,95117599;1,5
124,610763;-0,0435;0,6427;-4,6183;15088,4209;-2346,7456;50,26513811;10,95115395;1,50999999
125,571909;1,2787;-1,2568;1,6764;14889,1318;-2370,6221;50,26513797;10,95113224;1,51999998
143,257574;-0,7599;-0,261;2,202;4878,7573;-2744,6858;50,26513781;10,95109418;1,41999996
145,612191;0,0738;-1,1813;3,5398;5787,8472;-2808,3562;50,26493721;10,9502104;1,46000004
146,623283;-1,2799;1,6228;2,5444;5393,6362;-2840,1914;50,26491801;10,95021832;1,37
147,607499;-0,0771;0,5089;-4,0308;5050,7476;-2864,0676;50,26489007;10,95022341;1,47000003
148,591897;0,4869;-0,5348;-3,4035;4909,3325;-2887,9441;50,2649121;10,95020887;1,42999995
150,662561;0,334;-0,4647;3,5717;4883,125;-2943,6558;50,26491795;10,95018643;1,13999999
151,609643;-0,1589;0,6629;0,1692;4698,0312;-2967,5322;50,26492052;10,95016876;1,37
152,657931;0,5318;-0,0233;-3,6893;4575,1812;-2999,3674;50,26492076;10,95015352;1,11000001
153,651052;-1,6473;-1,1034;-0,7779;4865,1074;-3023,2437;50,26492598;10,95013445;1,29999995
154,665137;-0,4607;1,4842;3,9508;4916,9775;-3055,0789;50,26492417;10,95011454;1,28999996
155,645637;-0,4877;1,3262;-2,0791;5258,2275;-3078,9553;50,26491888;10,95009849;1,21000004
156,668696;-0,3737;1,0299;-3,2392;5693,3896;-3102,8318;50,26491705;10,95008114;1,21000004
157,646775;1,8962;-1,4105;0,8971;6304,3647;-3134,667;50,26490872;10,95006211;1,37
158,666442;2,2284;-1,6518;3,2105;7668,8198;-3158,5432;50,26489629;10,95004627;1,22000003
159,596029;-0,1921;0,3312;1,5354;7886,1284;-3182,4197;50,26488328;10,95002624;1,28999996
160,612988;-0,6039;-0,046;-3,7101;8317,4688;-3206,2961;50,26487013;10,95000575;1,35000002
161,653221;-0,3023;-0,3832;-1,9892;9779,1123;-3238,1313;50,26485482;10,94998649;1,40999997
162,673636;-0,2179;-0,5251;2,1807;10117,6318;-3262,0078;50,26484781;10,94996497;1,35000002
163,662113;-1,8712;1,1591;3,4447;10091,4248;-3293,843;50,26484081;10,94994272;1,44000006
164,609459;-0,2253;1,3157;-2,6955;10463,251;-3317,7192;50,26482914;10,94992876;1,35000002
165,59758;-0,0418;1,4416;-3,9241;10103,9834;-3341,5957;50,26482165;10,94991541;1,37
166,674119;2,3838;-1,7227;0,8227;10260,6846;-3373,4309;50,26481507;10,94989836;1,38
167,661454;1,5775;-0,5329;2,0326;11055,6621;-3397,3074;50,26480883;10,94987747;1,46000004
168,645443;-1,4134;0,6947;-2,5231;11464,6162;-3421,1838;50,26480357;10,94985812;1,36000001
169,663438;-0,1103;-0,302;-3,6016;11371,25;-3453,019;50,26479843;10,94983885;1,37
170,647785;-2,9595;-1,5642;0,2187;14462,1602;-3476,8953;50,26479436;10,94981453;1,46000004
171,597972;-0,008;-0,1837;5,2316;12554,9785;-3500,7717;50,26478818;10,94979278;1,38999999
172,647338;-0,7615;1,0409;1,7251;10604,1201;-3532,6069;50,264782;10,94977381;1,40999997
179,991035;1,5979;-1,9758;2,2878;8012,7998;-3707,7004;50,26477723;10,94975417;1,39999998
181,006642;0,9343;1,0074;3,3306;7788,3936;-3739,5356;50,26466567;10,94959459;1,82000005
181,408584;-1,3014;0,7762;-0,3446;7606,5747;-3747,4946;50,26464815;10,94962712;1,90999997
182,463767;-1,5287;0,7463;-2,914;7354,8696;-3779,3298;50,26463151;10,94963788;1,95000005
183,45303;0,0575;-0,8785;-1,9839;7137,561;-3803,2061;50,2646198;10,94963391;1,49000001
184,447357;-0,2889;-1,6465;3,1017;7431,856;-3827,0825;50,26460559;10,94963792;1,50999999
185,387593;-0,3055;1,3008;-0,0256;7941,2734;-3858,9177;50,26458777;10,94964466;1,37
186,405167;-0,5091;0,7701;-2,5718;8343,6777;-3882,7942;50,26456891;10,94965986;1,45000005
187,408285;0,3815;-1,1379;-0,133;5986,5923;-3906,6704;50,26455773;10,94965577;1,42999995
188,424749;1,2958;-0,0027;2,4699;6997,7847;-3938,5056;50,26454598;10,94965104;1,38999999
189,403299;0,2344;1,5083;0,803;7684,1074;-3962,3821;50,2645386;10,94964041;1,39999998
190,423906;-1,2832;0,7151;-1,3555;6728,606;-3986,2585;50,26453016;10,94963179;1,45000005
191,421343;-0,8861;-1,2517;-2,2376;6625,9585;-4018,0938;50,26452207;10,94962142;1,40999997
192,430252;-0,5716;-2,145;2,2509;7657,3535;-4041,9702;50,26451363;10,94961576;1,41999996
194,418413;-0,3529;0,6615;-0,4869;8793,582;-4097,6816;50,26450027;10,94960592;1,38
196,40379;0,916;-2,038;0,5826;7682,4697;-4145,4346;50,26448566;10,94959829;1,42999995
198,460357;2,1971;0,3789;2,4599;8520,5811;-4201,146;50,26446667;10,94959676;1,39999998
199,410908;0,1246;-0,2769;-3,4604;8245,3965;-4225,0225;50,26445633;10,94959232;1,39999998
200,395624;-1,7887;-1,0055;0,3951;8762,46;-4256,8579;50,26444622;10,94959045;1,38999999
201,415152;-0,3791;-0,9212;4,6454;8785,3906;-4280,7344;50,26443433;10,94958856;1,38999999
202,471146;0,1356;-0,8162;3,323;9411,1084;-4304,6104;50,26442296;10,94958783;1,38
203,42232;0,2996;1,2002;-1,2937;9882,8525;-4336,4458;50,2644104;10,94959511;1,41999996
204,40888;-0,5889;-0,0118;-4,2398;8463,251;-4360,3223;50,26439762;10,94960127;1,39999998
205,430017;1,1345;-1,2707;1,885;9044,7412;-4384,1987;50,2643847;10,94961189;1,41999996
206,414877;0,7292;-0,4147;3,3627;10063,5781;-4416,0337;50,26437136;10,94961859;1,40999997
207,422305;-1,075;0,4756;0,5473;10398,8232;-4439,9102;50,26435823;10,94962735;1,38999999
208,408489;-0,6041;-1,3972;-2,8154;10518,9434;-4463,7866;50,26434561;10,9496298;1,37
209,400986;-1,5285;-2,2937;2,9364;9930,8994;-4495,6216;50,26433293;10,94963507;1,39999998
224,779336;2,3275;-0,3053;-3,2372;14828,5264;-4885,603;50,26429799;10,94965828;1,38999999
225,82586;-0,4272;-1,5147;1,8911;15098,248;-4917,438;50,26416965;10,95030428;1,48000002
227,071652;-0,6743;-1,254;-1,1322;14682,7451;-4949,2734;50,26417168;10,9503701;1,52999997
228,08363;0,2312;-0,2242;2,9542;14668,002;-4981,1084;50,26417666;10,95040134;1,39999998
229,079182;0,2742;1,0066;0,7407;17306,2754;-5004,9849;50,26418735;10,9504098;1,38
230,057016;-0,9867;0,5452;-3,7609;18030,8184;-5028,8613;50,26419695;10,95047525;1,40999997
231,079269;0,9602;-0,3809;-2,3054;18130,1895;-5060,6968;50,26420145;10,95049628;1,45000005
232,12031;1,1868;-1,4012;-1,1538;17811,3262;-5084,5728;50,26420452;10,95051894;1,51999998
233,070383;1,9672;-0,0061;3,533;18310,916;-5108,4492;50,26420424;10,95054229;1,55999994
234,062792;-1,3632;0,2611;-0,3161;21357,0527;-5140,2847;50,26420219;10,9505678;1,63
235,072334;-0,0741;-0,2926;-2,9166;21098,7949;-5164,1611;50,26420274;10,95058629;1,38
236,130593;-0,3018;-0,8861;-2,4486;21321,0176;-5188,0376;50,26420672;10,95060438;1,40999997
237,122459;-1,0371;-0,909;-0,0381;19862,6504;-5219,8726;50,26420948;10,95062427;1,42999995
238,059983;-0,4975;1,5806;2,5653;19559,0742;-5243,749;50,26421142;10,95064376;1,40999997
239,116661;0,0219;1,2744;0,8511;20724,2383;-5275,584;50,26421559;10,95066402;1,48000002
240,070922;-0,2144;-0,4746;-3,1027;23675,373;-5299,4604;50,26422092;10,95068409;1,49000001
241,115099;0,0887;0,3277;-4,0432;24034,6406;-5323,3369;50,26422361;10,95070603;1,38999999
242,066573;1,7983;0,4786;4,9322;21560,1641;-5347,2134;50,2642276;10,95072813;1,46000004
243,119918;-0,8336;0,5058;2,1906;18707,3125;-5379,0483;50,2642339;10,95074871;1,42999995
244,079046;0,2871;0,0442;-3,6894;18016,0762;-5402,9248;50,26424333;10,95076463;1,46000004
245,12186;-0,5463;0,6857;-4,1744;16969,9395;-5434,7603;50,26424281;10,95078931;1,67999995
246,076266;-0,7118;-1,4958;1,9789;14574,0889;-5458,6367;50,26424671;10,95081245;1,50999999
247,069296;0,5064;0,623;3,7758;13605,4844;-5482,5132;50,2642502;10,95083491;1,53999996
248,004377;-1,1299;0,7577;2,2818;13449,3301;-5506,3892;50,26425286;10,95085923;1,5
249,062643;0,3962;0,5041;-4,5475;16010,0713;-5530,2656;50,26425413;10,95088091;1,5
250,051848;1,8776;-0,7538;-0,145;16943,1855;-5562,1011;50,2642561;10,95090179;1,47000003
251,124609;0,6044;-0,2702;-3,5995;17082,9609;-5585,9775;50,26425967;10,95092147;1,51999998
252,112811;1,6938;0,7709;2,395;18562,0762;-5617,8125;50,2642625;10,95094411;1,49000001
253,132407;1,0724;-0,1199;1,7954;25508,8418;-5641,689;50,26426598;10,95096563;1,46000004
254,115835;-0,6162;0,3798;-3,3148;26653,8047;-5665,5654;50,26427202;10,9509841;1,44000006
273,113582;0,1009;0,8304;4,9716;35680,2852;-6159,0107;50,26428225;10,95100138;1,5
274,233018;-0,4908;1,3795;-4,2823;25404,5547;-6198,8052;50,26448406;10,95175518;0,83999997
274,848663;-1,1622;0,4709;0,7517;22655,9883;-6206,7637;50,26450029;10,95176155;1,09000003
275,845617;-0,504;-0,1161;-3,3253;21759,4551;-6238,5991;50,26447789;10,95175617;1,45000005
276,835343;-1,0578;-0,8024;-0,2687;25770,377;-6262,4756;50,26447278;10,95173241;1,50999999
277,906198;-1,1233;-1,1618;-0,4858;21531,7734;-6286,3516;50,26448727;10,95177232;1,62
278,896748;-0,1545;0,2398;4,2848;20042,2852;-6318,187;50,2644822;10,95179614;1,5
279,841278;-0,4801;0,7849;-1,4089;37339,582;-6342,0635;50,26448596;10,95181274;1,38999999
280,901146;-0,5183;0,9442;-1,096;17059,4844;-6365,9399;50,2644913;10,95182973;1,5
281,844897;2,2209;-1,2987;-1,1198;16026,9961;-6397,7759;50,26449563;10,95184977;1,49000001
282,895728;1,1729;-2,8268;2,049;16202,2617;-6421,6978;50,26449935;10,95186943;1,5
283,896144;3,2278;0,0212;3,5928;16435,9512;-6445,7803;50,26450122;10,9518929;1,50999999
284,897662;-0,8608;0,669;1,9779;13337,9434;#NAME?;50,26450442;10,95191394;1,5
285,888577;-0,0085;0,0767;-3,6337;13055,6621;#NAME?;50,26450725;10,95193626;1,54999995
286,84248;-1,3227;-1,1488;0,6082;12449,0547;#NAME?;50,26451133;10,95195855;1,50999999
287,895062;-1,3935;-1,0274;-0,6277;12427,2148;#NAME?;50,26451471;10,95198129;1,61000001
288,896472;-0,2423;0,3414;5,3998;14627,0518;#NAME?;50,26452084;10,95200421;1,50999999
289,910395;-0,3571;1,5742;1,6987;13529,5908;#NAME?;50,26452856;10,95202439;1,49000001
290,891863;-0,3361;0,8679;-5,0102;16583,3711;#NAME?;50,26453667;10,95204305;1,49000001
291,910279;-0,0619;-0,3934;-1,9717;15162,1318;#NAME?;50,26454216;10,95206224;1,51999998
292,904549;0,9955;-1,4697;1,1163;14708,4043;#NAME?;50,26454917;10,95208152;1,51999998
293,847599;0,5077;0,2891;2,0301;15631,1455;#NAME?;50,26455389;10,95209961;1,45000005
294,835963;-1,6402;0,4154;-3,3888;17442,2285;#NAME?;50,26455861;10,95211833;1,50999999
295,823365;0,2696;0,3147;-4,091;20200,0781;#NAME?;50,26456371;10,95213926;1,52999997
296,895755;0,4205;0,3013;-1,5456;12740,6201;#NAME?;50,26457284;10,95215599;1,51999998
297,888782;0,1229;-2,43;0,5854;12609,5801;#NAME?;50,2645795;10,9521727;1,50999999
298,843043;0,0108;1,6424;2,4081;17968,5742;#NAME?;50,26458313;10,95219139;1,51999998
299,820704;-0,2966;0,8697;-2,3575;29911,2422;#NAME?;50,26459075;10,95220126;1,47000003
300,841221;0,2139;0,1564;-3,9605;29708,6777;#NAME?;50,26459846;10,95221396;1,5
301,830373;0,1792;-1,1246;0,6736;23879,0293;#NAME?;50,26460558;10,95222984;1,47000003
302,847126;1,3691;-1,0236;2,9301;23613,6738;#NAME?;50,26461266;10,95224704;1,48000002
304,620611;-0,2039;0,3523;2,337;41001,6094;#NAME?;50,26461976;10,95226373;1,44000006
304,899387;1,0747;-0,1956;3,1134;39793,3086;#NAME?;50,26462766;10,95227927;1,48000002
305,901002;-0,2281;0,9121;-0,1487;33064,3984;#NAME?;50,26463464;10,95229528;1,48000002
306,841068;-1,0357;-1,3294;0,1377;35153,3984;#NAME?;50,26464136;10,95230917;1,48000002
307,894615;-1,535;-1,8747;3,1802;24317,4688;#NAME?;50,26464558;10,95232508;1,51999998
308,960866;-0,5924;-0,9793;1,1743;22034,6406;#NAME?;50,26464966;10,95234557;1,49000001
309,899272;0,281;-0,4504;2,4573;23868,6562;#NAME?;50,26465307;10,95236567;1,48000002
310,886927;-0,0911;0,7952;2,4026;37851,7344;#NAME?;50,26465878;10,95238106;1,48000002
311,911455;-0,3379;1,1308;-0,2665;21193,252;#NAME?;50,26466395;10,95240012;1,48000002
312,953364;-0,7976;0,2243;-4,1434;29705,4023;#NAME?;50,26467083;10,95241865;1,47000003
313,901751;0,4945;-0,7021;1,4403;12420,6631;#NAME?;50,26467653;10,95243684;1,49000001
314,96114;1,5685;0,3077;2,4356;11708,1318;#NAME?;50,26468119;10,95245411;1,47000003
315,908986;0,903;-0,119;1,4431;30059,7578;#NAME?;50,26468478;10,95247541;1,48000002
316,892064;-0,8164;0,0695;-3,0395;34127,4609;#NAME?;50,26468617;10,95249788;1,47000003
317,947325;-1,3359;-0,3044;-4,6986;35836,9922;#NAME?;50,26469165;10,95251809;1,47000003
318,901195;-0,5344;-0,4617;-1,7195;34474,7188;#NAME?;50,26469647;10,95254135;1,47000003
319,944331;-1,1008;-1,1809;0,3615;36712,7734;#NAME?;50,26470089;10,95256308;1,46000004
320,96331;0,3876;0,312;2,4971;28998,877;#NAME?;50,26470367;10,95258347;1,47000003
321,886587;-1,0818;1,5612;2,9744;42572,9961;#NAME?;50,26470746;10,95260424;1,50999999
322,964572;-0,3029;1,5225;3,1399;38057,0273;#NAME?;50,26470962;10,95262493;1,50999999
323,955255;-0,3689;0,5039;-4,1664;39340,6758;#NAME?;50,26471185;10,95264516;1,52999997
324,94686;-0,143;1,0251;-5,2893;45695,5781;#NAME?;50,26471438;10,95266428;1,52999997
325,951876;1,4186;-0,6535;0,111;43450,4219;#NAME?;50,26471623;10,95268531;1,51999998
326,90246;0,8207;-0,4757;2,4707;45357,0586;#NAME?;50,2647181;10,95270938;1,50999999
327,897971;-0,7866;-0,1572;0,9965;39992,6016;#NAME?;50,26472139;10,95272983;1,48000002
328,954703;-0,8883;0,7926;-3,0235;43508,2969;#NAME?;50,2647265;10,95274811;1,50999999
329,893489;0,3092;-0,3583;-3,4083;44994,5117;#NAME?;50,26472983;10,95277056;1,53999996
331,01168;0,8667;-0,1795;-3,2496;40810,5078;#NAME?;50,26473452;10,95279115;1,50999999
331,969888;-1,4372;-0,6969;0,6172;46150,9414;#NAME?;50,26473769;10,95281076;1,47000003
332,948932;-0,6961;0,7355;3,7138;50150,3945;#NAME?;50,26474292;10,95282843;1,45000005
333,964915;-0,272;0,4475;-0,8687;50376,9844;#NAME?;50,26474773;10,95284632;1,48000002
351,559458;1,5507;-1,283;2,9365;19603,3008;#NAME?;50,2647491;10,95286598;1,49000001
352,609989;-1,3605;1,1812;4,355;21691,2051;#NAME?;50,26484084;10,95362061;1,15999997
353,803008;-0,7895;-1,9427;1,1941;26388,4492;#NAME?;50,26485868;10,953587;1,44000006
356,766414;2,4278;-1,0459;0,8384;22117,0859;#NAME?;50,26487336;10,95359729;1,54999995
357,794664;0,5169;-0,8766;2,2387;12980,8594;#NAME?;50,26487805;10,95362791;1,42999995
358,766501;1,7276;-0,8605;2,6061;12031,3643;#NAME?;50,26487904;10,95364676;1,39999998
359,789717;-0,3984;-0,3885;-4,35;8174,416;#NAME?;50,26488127;10,95366545;1,36000001
360,712441;-0,4742;-1,6191;0,6012;7209,0874;#NAME?;50,26488522;10,95368287;1,40999997
361,792252;-1,676;-1,042;1,9771;9404,0098;#NAME?;50,26488942;10,95370039;1,41999996
362,782761;-1,4415;0,9849;2,9323;7679,7397;#NAME?;50,26489407;10,95371622;1,25
363,761349;-0,3641;0,9387;-1,7208;20645,0684;#NAME?;50,26489806;10,95373311;1,35000002
364,770825;0,446;0,7446;-4,7231;21923,2559;#NAME?;50,26490338;10,9537512;1,46000004
365,771162;1,6989;-1,2538;1,9934;18176,5996;#NAME?;50,26491052;10,95376711;1,40999997
366,779714;1,2472;0,4737;2,4632;26540,7832;#NAME?;50,26491906;10,95378047;1,38
367,765449;-0,0769;0,6138;-2,4882;13054,5693;#NAME?;50,26493077;10,95378667;1,41999996
368,713151;1,3951;-0,4821;-3,8538;11519,7627;#NAME?;50,26494355;10,95378615;1,36000001
369,771989;-0,4814;-1,0751;-0,7069;11439,5;#NAME?;50,26495639;10,9537803;1,40999997
370,792362;-1,6151;-1,8983;4,3658;9832,0752;#NAME?;50,26496914;10,95376784;1,40999997
371,772886;-0,4819;1,2971;3,5575;10884,2168;#NAME?;50,26498511;10,95376776;2,06999993
372,72002;0,3069;0,1485;-4,2403;10532,0469;#NAME?;50,26499893;10,9537715;1,38
373,770989;1,6302;-1,0647;-0,6078;10509,1152;#NAME?;50,26500944;10,9537673;1,30999994
374,782228;2,8265;-1,7935;2,4375;11863,7422;#NAME?;50,26501872;10,95377803;2,11999989
375,777994;0,1464;0,3857;2,9921;11906,3301;#NAME?;50,26502907;10,95378595;1,54999995
376,762236;-0,2003;0,5232;-2,504;13064,9434;#NAME?;50,26504013;10,95377484;1,51999998
377,781981;-0,2634;-1,982;-2,2153;10395,001;#NAME?;50,26505164;10,95377167;1,80999994
378,696594;-0,5476;-0,9559;2,63;10942,6396;#NAME?;50,26506097;10,95376298;1,45000005
379,777329;-1,3012;1,3816;3,6053;10545,1514;#NAME?;50,2650712;10,95375857;1,73000002
380,693094;-0,2134;0,4214;-3,2769;11910,7002;#NAME?;50,2650816;10,95374895;1,5
382,164991;0,743;1,1992;4,6607;10463,7969;#NAME?;50,26508999;10,95373227;1,37
382,69844;0,875;0,4293;4,4967;10833,4395;#NAME?;50,26509864;10,95371894;1,21000004
383,700168;0,5988;1,2226;-0,1324;11352,1406;#NAME?;50,26510754;10,95370876;1,20000005
384,718917;-0,8628;-1,4538;-2,7858;10001,8809;#NAME?;50,26511613;10,95370166;1,23000002
385,704013;-1,3914;-1,464;3,0167;10661,9951;#NAME?;50,26512491;10,95369845;1,19000006
386,716164;-0,3156;1,2674;3,617;10616,1309;#NAME?;50,26513384;10,95369155;1,29999995
387,71159;-0,3499;0,648;-4,1284;11127,7344;#NAME?;50,2651431;10,95368183;1,27999997
388,726239;1,7322;-2,1117;-0,4579;12876,5732;#NAME?;50,26515195;10,95367311;1,21000004
389,707322;1,1865;1,2568;2,7158;11791,125;#NAME?;50,26516043;10,95366545;1,20000005
390,702528;0,4978;0,4169;-3,3602;13102,6182;#NAME?;50,26516925;10,95365829;1,21000004
391,706735;-1,9181;-1,074;-1,3225;12229,5625;#NAME?;50,26517857;10,95365071;1,22000003
392,693001;0,4339;0,7842;2,8521;12171,1406;#NAME?;50,26518797;10,95364404;1,20000005
393,71077;-1,6776;-0,5521;-2,8581;12440,8643;#NAME?;50,2651974;10,95363838;1,14999998
394,68976;0,7784;-1,6573;1,3433;12599,751;#NAME?;50,26520752;10,95363376;1,19000006
395,712629;0,2205;0,5173;2,1818;13413,8389;#NAME?;50,26521741;10,95363074;1,15999997
396,704785;0,5072;-0,0707;-1,9232;14324,0205;#NAME?;50,26522678;10,95362518;1,09000003
